stamp_sec,topic,type,value
1774015539.7132826,/metrics/pcl/fused/detections_count,std_msgs/msg/Int32,26
1774015539.7135935,/metrics/pcl/fused/points_in,std_msgs/msg/Int32,10484
1774015539.7137678,/metrics/pcl/fused/processing_ms,std_msgs/msg/Float32,62.456634521484375
1774015539.8262372,/metrics/pcl/fused/detections_count,std_msgs/msg/Int32,27
1774015539.8264172,/metrics/pcl/fused/points_in,std_msgs/msg/Int32,10456
1774015539.8265345,/metrics/pcl/fused/processing_ms,std_msgs/msg/Float32,62.17182922363281
1774015540.122927,/metrics/pcl/fused/detections_count,std_msgs/msg/Int32,44
1774015540.12329,/metrics/pcl/fused/points_in,std_msgs/msg/Int32,20352
1774015540.1234963,/metrics/pcl/fused/processing_ms,std_msgs/msg/Float32,126.5827865600586
1774015540.3479714,/metrics/pcl/fused/detections_count,std_msgs/msg/Int32,44
1774015540.3481562,/metrics/pcl/fused/points_in,std_msgs/msg/Int32,20310
1774015540.348347,/metrics/pcl/fused/processing_ms,std_msgs/msg/Float32,123.30779266357422
1774015540.582198,/metrics/pcl/fused/detections_count,std_msgs/msg/Int32,45
1774015540.5824533,/metrics/pcl/fused/points_in,std_msgs/msg/Int32,20174
1774015540.5826888,/metrics/pcl/fused/processing_ms,std_msgs/msg/Float32,125.27125549316406
1774015540.8245873,/metrics/pcl/fused/detections_count,std_msgs/msg/Int32,44
1774015540.8248096,/metrics/pcl/fused/points_in,std_msgs/msg/Int32,19927
1774015540.8249543,/metrics/pcl/fused/processing_ms,std_msgs/msg/Float32,123.45838165283203
1774015541.0510767,/metrics/pcl/fused/detections_count,std_msgs/msg/Int32,43
1774015541.051335,/metrics/pcl/fused/points_in,std_msgs/msg/Int32,19952
1774015541.0515332,/metrics/pcl/fused/processing_ms,std_msgs/msg/Float32,121.41313171386719
1774015541.274415,/metrics/pcl/fused/detections_count,std_msgs/msg/Int32,40
1774015541.2746685,/metrics/pcl/fused/points_in,std_msgs/msg/Int32,19837
1774015541.2748399,/metrics/pcl/fused/processing_ms,std_msgs/msg/Float32,121.02696228027344
1774015541.5057206,/metrics/pcl/fused/detections_count,std_msgs/msg/Int32,46
1774015541.5060682,/metrics/pcl/fused/points_in,std_msgs/msg/Int32,19788
1774015541.5063019,/metrics/pcl/fused/processing_ms,std_msgs/msg/Float32,125.98243713378906
1774015541.7386694,/metrics/pcl/fused/detections_count,std_msgs/msg/Int32,46
1774015541.738927,/metrics/pcl/fused/points_in,std_msgs/msg/Int32,19863
1774015541.7391672,/metrics/pcl/fused/processing_ms,std_msgs/msg/Float32,128.8611602783203
1774015541.9571147,/metrics/pcl/fused/detections_count,std_msgs/msg/Int32,42
1774015541.9572952,/metrics/pcl/fused/points_in,std_msgs/msg/Int32,19936
1774015541.9573894,/metrics/pcl/fused/processing_ms,std_msgs/msg/Float32,125.44554901123047
1774015542.1854181,/metrics/pcl/fused/detections_count,std_msgs/msg/Int32,45
1774015542.1857045,/metrics/pcl/fused/points_in,std_msgs/msg/Int32,20006
1774015542.185832,/metrics/pcl/fused/processing_ms,std_msgs/msg/Float32,126.97374725341797
1774015542.589285,/metrics/pcl/fused/detections_count,std_msgs/msg/Int32,70
1774015542.589486,/metrics/pcl/fused/points_in,std_msgs/msg/Int32,30140
1774015542.5896063,/metrics/pcl/fused/processing_ms,std_msgs/msg/Float32,191.44546508789062
1774015542.9233077,/metrics/pcl/fused/detections_count,std_msgs/msg/Int32,77
1774015542.9236188,/metrics/pcl/fused/points_in,std_msgs/msg/Int32,30119
1774015542.9237623,/metrics/pcl/fused/processing_ms,std_msgs/msg/Float32,188.18544006347656
1774015543.25753,/metrics/pcl/fused/detections_count,std_msgs/msg/Int32,70
1774015543.2577438,/metrics/pcl/fused/points_in,std_msgs/msg/Int32,30092
1774015543.2579377,/metrics/pcl/fused/processing_ms,std_msgs/msg/Float32,186.14376831054688
1774015544.2553606,/metrics/pcl/fused/detections_count,std_msgs/msg/Int32,81
1774015544.255572,/metrics/pcl/fused/points_in,std_msgs/msg/Int32,40674
1774015544.255739,/metrics/pcl/fused/processing_ms,std_msgs/msg/Float32,253.8179931640625
1774015544.7090604,/metrics/pcl/fused/detections_count,std_msgs/msg/Int32,74
1774015544.7092621,/metrics/pcl/fused/points_in,std_msgs/msg/Int32,40640
1774015544.7094166,/metrics/pcl/fused/processing_ms,std_msgs/msg/Float32,249.52713012695312
1774015545.1802776,/metrics/pcl/fused/detections_count,std_msgs/msg/Int32,73
1774015545.1804633,/metrics/pcl/fused/points_in,std_msgs/msg/Int32,40653
1774015545.1805933,/metrics/pcl/fused/processing_ms,std_msgs/msg/Float32,259.81976318359375
1774015545.6281872,/metrics/pcl/fused/detections_count,std_msgs/msg/Int32,84
1774015545.628402,/metrics/pcl/fused/points_in,std_msgs/msg/Int32,40513
1774015545.6285315,/metrics/pcl/fused/processing_ms,std_msgs/msg/Float32,254.38063049316406
1774015546.0946033,/metrics/pcl/fused/detections_count,std_msgs/msg/Int32,79
1774015546.094817,/metrics/pcl/fused/points_in,std_msgs/msg/Int32,40700
1774015546.095013,/metrics/pcl/fused/processing_ms,std_msgs/msg/Float32,259.6980285644531
1774015546.557524,/metrics/pcl/fused/detections_count,std_msgs/msg/Int32,80
1774015546.557755,/metrics/pcl/fused/points_in,std_msgs/msg/Int32,40731
1774015546.5578544,/metrics/pcl/fused/processing_ms,std_msgs/msg/Float32,258.5150451660156
1774015546.9656112,/metrics/pcl/fused/detections_count,std_msgs/msg/Int32,75
1774015546.9658306,/metrics/pcl/fused/points_in,std_msgs/msg/Int32,40707
1774015546.9660053,/metrics/pcl/fused/processing_ms,std_msgs/msg/Float32,214.39060974121094
1774015547.2963254,/metrics/pcl/fused/detections_count,std_msgs/msg/Int32,80
1774015547.2964633,/metrics/pcl/fused/points_in,std_msgs/msg/Int32,40705
1774015547.2965438,/metrics/pcl/fused/processing_ms,std_msgs/msg/Float32,175.82275390625
1774015547.5841916,/metrics/pcl/fused/detections_count,std_msgs/msg/Int32,76
1774015547.5843132,/metrics/pcl/fused/points_in,std_msgs/msg/Int32,40788
1774015547.5843835,/metrics/pcl/fused/processing_ms,std_msgs/msg/Float32,151.30848693847656
1774015548.089712,/metrics/pcl/fused/detections_count,std_msgs/msg/Int32,79
1774015548.0898647,/metrics/pcl/fused/points_in,std_msgs/msg/Int32,40855
1774015548.089959,/metrics/pcl/fused/processing_ms,std_msgs/msg/Float32,136.85934448242188
1774015548.32842,/metrics/pcl/fused/detections_count,std_msgs/msg/Int32,74
1774015548.3285737,/metrics/pcl/fused/points_in,std_msgs/msg/Int32,40785
1774015548.3286593,/metrics/pcl/fused/processing_ms,std_msgs/msg/Float32,131.05455017089844
1774015548.5700698,/metrics/pcl/fused/detections_count,std_msgs/msg/Int32,77
1774015548.5702326,/metrics/pcl/fused/points_in,std_msgs/msg/Int32,40771
1774015548.570302,/metrics/pcl/fused/processing_ms,std_msgs/msg/Float32,133.23768615722656
1774015548.8146226,/metrics/pcl/fused/detections_count,std_msgs/msg/Int32,84
1774015548.814737,/metrics/pcl/fused/points_in,std_msgs/msg/Int32,40764
1774015548.8147998,/metrics/pcl/fused/processing_ms,std_msgs/msg/Float32,131.9359588623047
1774015549.0642152,/metrics/pcl/fused/detections_count,std_msgs/msg/Int32,84
1774015549.0643275,/metrics/pcl/fused/points_in,std_msgs/msg/Int32,40811
1774015549.0643914,/metrics/pcl/fused/processing_ms,std_msgs/msg/Float32,136.98683166503906
1774015549.3016255,/metrics/pcl/fused/detections_count,std_msgs/msg/Int32,80
1774015549.3017445,/metrics/pcl/fused/points_in,std_msgs/msg/Int32,40795
1774015549.3018105,/metrics/pcl/fused/processing_ms,std_msgs/msg/Float32,127.66818237304688
1774015549.5509727,/metrics/pcl/fused/detections_count,std_msgs/msg/Int32,83
1774015549.5511012,/metrics/pcl/fused/points_in,std_msgs/msg/Int32,40933
1774015549.5512087,/metrics/pcl/fused/processing_ms,std_msgs/msg/Float32,133.8183135986328
1774015549.8010561,/metrics/pcl/fused/detections_count,std_msgs/msg/Int32,79
1774015549.8011892,/metrics/pcl/fused/points_in,std_msgs/msg/Int32,40878
1774015549.8012784,/metrics/pcl/fused/processing_ms,std_msgs/msg/Float32,132.02760314941406
1774015550.056429,/metrics/pcl/fused/detections_count,std_msgs/msg/Int32,78
1774015550.0565403,/metrics/pcl/fused/points_in,std_msgs/msg/Int32,40752
1774015550.0566065,/metrics/pcl/fused/processing_ms,std_msgs/msg/Float32,138.73153686523438
1774015550.2982357,/metrics/pcl/fused/detections_count,std_msgs/msg/Int32,78
1774015550.298351,/metrics/pcl/fused/points_in,std_msgs/msg/Int32,40945
1774015550.2984502,/metrics/pcl/fused/processing_ms,std_msgs/msg/Float32,130.63648986816406
1774015550.5520737,/metrics/pcl/fused/detections_count,std_msgs/msg/Int32,84
1774015550.552186,/metrics/pcl/fused/points_in,std_msgs/msg/Int32,40857
1774015550.5522544,/metrics/pcl/fused/processing_ms,std_msgs/msg/Float32,140.11805725097656
1774015551.040922,/metrics/pcl/fused/detections_count,std_msgs/msg/Int32,78
1774015551.0410652,/metrics/pcl/fused/points_in,std_msgs/msg/Int32,40652
1774015551.0411422,/metrics/pcl/fused/processing_ms,std_msgs/msg/Float32,133.6639862060547
1774015551.282118,/metrics/pcl/fused/detections_count,std_msgs/msg/Int32,81
1774015551.2823195,/metrics/pcl/fused/processing_ms,std_msgs/msg/Float32,129.23329162597656
1774015551.2826617,/metrics/pcl/fused/points_in,std_msgs/msg/Int32,40685
1774015551.528999,/metrics/pcl/fused/detections_count,std_msgs/msg/Int32,81
1774015551.5291374,/metrics/pcl/fused/points_in,std_msgs/msg/Int32,40712
1774015551.5292158,/metrics/pcl/fused/processing_ms,std_msgs/msg/Float32,131.92559814453125
1774015551.7793808,/metrics/pcl/fused/detections_count,std_msgs/msg/Int32,75
1774015551.7794912,/metrics/pcl/fused/points_in,std_msgs/msg/Int32,40816
1774015551.7795546,/metrics/pcl/fused/processing_ms,std_msgs/msg/Float32,132.32266235351562
1774015552.0316596,/metrics/pcl/fused/detections_count,std_msgs/msg/Int32,83
1774015552.0318124,/metrics/pcl/fused/points_in,std_msgs/msg/Int32,40768
1774015552.0319016,/metrics/pcl/fused/processing_ms,std_msgs/msg/Float32,133.12840270996094
1774015552.2771678,/metrics/pcl/fused/detections_count,std_msgs/msg/Int32,80
1774015552.2772768,/metrics/pcl/fused/points_in,std_msgs/msg/Int32,40814
1774015552.277334,/metrics/pcl/fused/processing_ms,std_msgs/msg/Float32,128.31272888183594
1774015552.5264525,/metrics/pcl/fused/detections_count,std_msgs/msg/Int32,81
1774015552.5266118,/metrics/pcl/fused/points_in,std_msgs/msg/Int32,40768
1774015552.5266848,/metrics/pcl/fused/processing_ms,std_msgs/msg/Float32,130.6527862548828
1774015552.7811427,/metrics/pcl/fused/detections_count,std_msgs/msg/Int32,83
1774015552.7812524,/metrics/pcl/fused/points_in,std_msgs/msg/Int32,40818
1774015552.781315,/metrics/pcl/fused/processing_ms,std_msgs/msg/Float32,131.666259765625
1774015553.0335925,/metrics/pcl/fused/detections_count,std_msgs/msg/Int32,84
1774015553.0337572,/metrics/pcl/fused/points_in,std_msgs/msg/Int32,40650
1774015553.0338478,/metrics/pcl/fused/processing_ms,std_msgs/msg/Float32,132.61947631835938
1774015553.2849715,/metrics/pcl/fused/detections_count,std_msgs/msg/Int32,84
1774015553.2851198,/metrics/pcl/fused/points_in,std_msgs/msg/Int32,40683
1774015553.2851956,/metrics/pcl/fused/processing_ms,std_msgs/msg/Float32,128.63253784179688
1774015553.539379,/metrics/pcl/fused/detections_count,std_msgs/msg/Int32,84
1774015553.5395336,/metrics/pcl/fused/points_in,std_msgs/msg/Int32,40762
1774015553.5396261,/metrics/pcl/fused/processing_ms,std_msgs/msg/Float32,132.14199829101562
1774015553.789981,/metrics/pcl/fused/detections_count,std_msgs/msg/Int32,80
1774015553.7901013,/metrics/pcl/fused/points_in,std_msgs/msg/Int32,40860
1774015553.7901623,/metrics/pcl/fused/processing_ms,std_msgs/msg/Float32,129.49156188964844
1774015554.0448,/metrics/pcl/fused/detections_count,std_msgs/msg/Int32,78
1774015554.044952,/metrics/pcl/fused/points_in,std_msgs/msg/Int32,40910
1774015554.045031,/metrics/pcl/fused/processing_ms,std_msgs/msg/Float32,132.4873504638672
1774015554.5451121,/metrics/pcl/fused/detections_count,std_msgs/msg/Int32,83
1774015554.5454812,/metrics/pcl/fused/points_in,std_msgs/msg/Int32,40850
1774015554.5455754,/metrics/pcl/fused/processing_ms,std_msgs/msg/Float32,131.40235900878906
1774015554.8077345,/metrics/pcl/fused/detections_count,std_msgs/msg/Int32,80
1774015554.8078566,/metrics/pcl/fused/points_in,std_msgs/msg/Int32,40889
1774015554.807942,/metrics/pcl/fused/processing_ms,std_msgs/msg/Float32,133.22264099121094
1774015555.0699532,/metrics/pcl/fused/detections_count,std_msgs/msg/Int32,76
1774015555.0701072,/metrics/pcl/fused/points_in,std_msgs/msg/Int32,40956
1774015555.070187,/metrics/pcl/fused/processing_ms,std_msgs/msg/Float32,137.13084411621094
1774015555.5849543,/metrics/pcl/fused/detections_count,std_msgs/msg/Int32,76
1774015555.5851083,/metrics/pcl/fused/points_in,std_msgs/msg/Int32,40753
1774015555.585206,/metrics/pcl/fused/processing_ms,std_msgs/msg/Float32,139.7515106201172
1774015555.851308,/metrics/pcl/fused/detections_count,std_msgs/msg/Int32,77
1774015555.8514347,/metrics/pcl/fused/points_in,std_msgs/msg/Int32,40837
1774015555.8515038,/metrics/pcl/fused/processing_ms,std_msgs/msg/Float32,133.72442626953125
1774015556.1074305,/metrics/pcl/fused/detections_count,std_msgs/msg/Int32,79
1774015556.1075587,/metrics/pcl/fused/points_in,std_msgs/msg/Int32,40767
1774015556.1076283,/metrics/pcl/fused/processing_ms,std_msgs/msg/Float32,132.01409912109375
1774015556.362083,/metrics/pcl/fused/detections_count,std_msgs/msg/Int32,77
1774015556.3622005,/metrics/pcl/fused/points_in,std_msgs/msg/Int32,40672
1774015556.362265,/metrics/pcl/fused/processing_ms,std_msgs/msg/Float32,128.9691619873047
1774015556.6197891,/metrics/pcl/fused/detections_count,std_msgs/msg/Int32,81
1774015556.6199496,/metrics/pcl/fused/points_in,std_msgs/msg/Int32,40669
1774015556.6200082,/metrics/pcl/fused/processing_ms,std_msgs/msg/Float32,129.5153045654297
1774015556.8798528,/metrics/pcl/fused/detections_count,std_msgs/msg/Int32,80
1774015556.8799944,/metrics/pcl/fused/points_in,std_msgs/msg/Int32,40692
1774015556.8800952,/metrics/pcl/fused/processing_ms,std_msgs/msg/Float32,129.21173095703125
1774015557.139552,/metrics/pcl/fused/detections_count,std_msgs/msg/Int32,78
1774015557.1397715,/metrics/pcl/fused/points_in,std_msgs/msg/Int32,40691
1774015557.139898,/metrics/pcl/fused/processing_ms,std_msgs/msg/Float32,131.14520263671875
1774015557.3967998,/metrics/pcl/fused/detections_count,std_msgs/msg/Int32,77
1774015557.3969395,/metrics/pcl/fused/points_in,std_msgs/msg/Int32,40797
1774015557.3970327,/metrics/pcl/fused/processing_ms,std_msgs/msg/Float32,130.2076416015625
1774015557.6647651,/metrics/pcl/fused/detections_count,std_msgs/msg/Int32,81
1774015557.6649358,/metrics/pcl/fused/points_in,std_msgs/msg/Int32,40776
1774015557.6650338,/metrics/pcl/fused/processing_ms,std_msgs/msg/Float32,137.17332458496094
1774015557.930394,/metrics/pcl/fused/detections_count,std_msgs/msg/Int32,81
1774015557.930492,/metrics/pcl/fused/points_in,std_msgs/msg/Int32,40633
1774015557.930557,/metrics/pcl/fused/processing_ms,std_msgs/msg/Float32,129.56356811523438
1774015558.1894612,/metrics/pcl/fused/detections_count,std_msgs/msg/Int32,81
1774015558.1896327,/metrics/pcl/fused/points_in,std_msgs/msg/Int32,40772
1774015558.1897533,/metrics/pcl/fused/processing_ms,std_msgs/msg/Float32,125.28350830078125
1774015558.4527879,/metrics/pcl/fused/detections_count,std_msgs/msg/Int32,78
1774015558.4529314,/metrics/pcl/fused/points_in,std_msgs/msg/Int32,40726
1774015558.4530249,/metrics/pcl/fused/processing_ms,std_msgs/msg/Float32,129.1944580078125
1774015558.7217062,/metrics/pcl/fused/detections_count,std_msgs/msg/Int32,81
1774015558.7219675,/metrics/pcl/fused/points_in,std_msgs/msg/Int32,40692
1774015558.7221074,/metrics/pcl/fused/processing_ms,std_msgs/msg/Float32,131.46485900878906
1774015558.9882512,/metrics/pcl/fused/detections_count,std_msgs/msg/Int32,80
1774015558.9883988,/metrics/pcl/fused/points_in,std_msgs/msg/Int32,40673
1774015558.9884644,/metrics/pcl/fused/processing_ms,std_msgs/msg/Float32,129.4258575439453
1774015559.2499347,/metrics/pcl/fused/detections_count,std_msgs/msg/Int32,77
1774015559.2500482,/metrics/pcl/fused/points_in,std_msgs/msg/Int32,40725
1774015559.2501109,/metrics/pcl/fused/processing_ms,std_msgs/msg/Float32,127.6598129272461
1774015559.515251,/metrics/pcl/fused/detections_count,std_msgs/msg/Int32,81
1774015559.5153935,/metrics/pcl/fused/points_in,std_msgs/msg/Int32,40836
1774015559.515456,/metrics/pcl/fused/processing_ms,std_msgs/msg/Float32,129.20281982421875
1774015559.7817638,/metrics/pcl/fused/detections_count,std_msgs/msg/Int32,85
1774015559.7818964,/metrics/pcl/fused/points_in,std_msgs/msg/Int32,40832
1774015559.7820168,/metrics/pcl/fused/processing_ms,std_msgs/msg/Float32,133.70852661132812
1774015560.0451903,/metrics/pcl/fused/detections_count,std_msgs/msg/Int32,77
1774015560.0453117,/metrics/pcl/fused/points_in,std_msgs/msg/Int32,40848
1774015560.045379,/metrics/pcl/fused/processing_ms,std_msgs/msg/Float32,133.88055419921875
1774015560.3120773,/metrics/pcl/fused/detections_count,std_msgs/msg/Int32,72
1774015560.3121977,/metrics/pcl/fused/points_in,std_msgs/msg/Int32,40884
1774015560.3122714,/metrics/pcl/fused/processing_ms,std_msgs/msg/Float32,134.24009704589844
1774015560.5753617,/metrics/pcl/fused/detections_count,std_msgs/msg/Int32,79
1774015560.5755599,/metrics/pcl/fused/points_in,std_msgs/msg/Int32,40767
1774015560.5757027,/metrics/pcl/fused/processing_ms,std_msgs/msg/Float32,133.5270538330078
1774015560.842997,/metrics/pcl/fused/detections_count,std_msgs/msg/Int32,73
1774015560.8431091,/metrics/pcl/fused/points_in,std_msgs/msg/Int32,40964
1774015560.8431718,/metrics/pcl/fused/processing_ms,std_msgs/msg/Float32,135.49691772460938
1774015561.1025157,/metrics/pcl/fused/detections_count,std_msgs/msg/Int32,78
1774015561.1026375,/metrics/pcl/fused/points_in,std_msgs/msg/Int32,40918
1774015561.102703,/metrics/pcl/fused/processing_ms,std_msgs/msg/Float32,131.4221649169922
1774015561.363334,/metrics/pcl/fused/detections_count,std_msgs/msg/Int32,83
1774015561.3634958,/metrics/pcl/fused/points_in,std_msgs/msg/Int32,40944
1774015561.3675408,/metrics/pcl/fused/processing_ms,std_msgs/msg/Float32,131.3624725341797
1774015561.6222415,/metrics/pcl/fused/detections_count,std_msgs/msg/Int32,75
1774015561.622375,/metrics/pcl/fused/points_in,std_msgs/msg/Int32,40895
1774015561.6224644,/metrics/pcl/fused/processing_ms,std_msgs/msg/Float32,131.28257751464844
1774015561.8876905,/metrics/pcl/fused/detections_count,std_msgs/msg/Int32,78
1774015561.8878243,/metrics/pcl/fused/points_in,std_msgs/msg/Int32,40800
1774015561.887903,/metrics/pcl/fused/processing_ms,std_msgs/msg/Float32,134.99462890625
1774015562.1480598,/metrics/pcl/fused/detections_count,std_msgs/msg/Int32,79
1774015562.148177,/metrics/pcl/fused/points_in,std_msgs/msg/Int32,40835
1774015562.148242,/metrics/pcl/fused/processing_ms,std_msgs/msg/Float32,132.8532257080078
1774015562.406357,/metrics/pcl/fused/detections_count,std_msgs/msg/Int32,81
1774015562.4064753,/metrics/pcl/fused/points_in,std_msgs/msg/Int32,40899
1774015562.40654,/metrics/pcl/fused/processing_ms,std_msgs/msg/Float32,129.98989868164062
1774015562.6706836,/metrics/pcl/fused/detections_count,std_msgs/msg/Int32,81
1774015562.6708372,/metrics/pcl/fused/points_in,std_msgs/msg/Int32,40833
1774015562.671036,/metrics/pcl/fused/processing_ms,std_msgs/msg/Float32,131.5537567138672
1774015563.1926403,/metrics/pcl/fused/detections_count,std_msgs/msg/Int32,76
1774015563.1927795,/metrics/pcl/fused/points_in,std_msgs/msg/Int32,40917
1774015563.192857,/metrics/pcl/fused/processing_ms,std_msgs/msg/Float32,130.49502563476562
1774015563.4540527,/metrics/pcl/fused/detections_count,std_msgs/msg/Int32,81
1774015563.4541757,/metrics/pcl/fused/points_in,std_msgs/msg/Int32,40974
1774015563.454242,/metrics/pcl/fused/processing_ms,std_msgs/msg/Float32,131.03346252441406
1774015563.723299,/metrics/pcl/fused/detections_count,std_msgs/msg/Int32,77
1774015563.7234714,/metrics/pcl/fused/points_in,std_msgs/msg/Int32,41021
1774015563.7235506,/metrics/pcl/fused/processing_ms,std_msgs/msg/Float32,131.95257568359375
1774015563.974436,/metrics/pcl/fused/detections_count,std_msgs/msg/Int32,77
1774015563.9746006,/metrics/pcl/fused/points_in,std_msgs/msg/Int32,41005
1774015563.9746659,/metrics/pcl/fused/processing_ms,std_msgs/msg/Float32,138.40151977539062
1774015564.2087834,/metrics/pcl/fused/detections_count,std_msgs/msg/Int32,72
1774015564.2089362,/metrics/pcl/fused/points_in,std_msgs/msg/Int32,41092
1774015564.2090058,/metrics/pcl/fused/processing_ms,std_msgs/msg/Float32,130.8457794189453
1774015564.4510396,/metrics/pcl/fused/detections_count,std_msgs/msg/Int32,74
1774015564.4511645,/metrics/pcl/fused/points_in,std_msgs/msg/Int32,41115
1774015564.4512408,/metrics/pcl/fused/processing_ms,std_msgs/msg/Float32,137.90281677246094
1774015564.692595,/metrics/pcl/fused/detections_count,std_msgs/msg/Int32,80
1774015564.6927693,/metrics/pcl/fused/points_in,std_msgs/msg/Int32,41205
1774015564.6928492,/metrics/pcl/fused/processing_ms,std_msgs/msg/Float32,136.15599060058594
1774015564.930884,/metrics/pcl/fused/detections_count,std_msgs/msg/Int32,79
1774015564.9310174,/metrics/pcl/fused/points_in,std_msgs/msg/Int32,41184
1774015564.9310906,/metrics/pcl/fused/processing_ms,std_msgs/msg/Float32,136.27088928222656
1774015565.170544,/metrics/pcl/fused/detections_count,std_msgs/msg/Int32,75
1774015565.1707504,/metrics/pcl/fused/points_in,std_msgs/msg/Int32,41154
1774015565.170898,/metrics/pcl/fused/processing_ms,std_msgs/msg/Float32,131.9098358154297
1774015565.4134583,/metrics/pcl/fused/detections_count,std_msgs/msg/Int32,78
1774015565.413632,/metrics/pcl/fused/points_in,std_msgs/msg/Int32,41137
1774015565.4137359,/metrics/pcl/fused/processing_ms,std_msgs/msg/Float32,135.92758178710938
1774015565.6544733,/metrics/pcl/fused/detections_count,std_msgs/msg/Int32,78
1774015565.654616,/metrics/pcl/fused/points_in,std_msgs/msg/Int32,41293
1774015565.654701,/metrics/pcl/fused/processing_ms,std_msgs/msg/Float32,136.67381286621094
1774015565.9017727,/metrics/pcl/fused/detections_count,std_msgs/msg/Int32,82
1774015565.901945,/metrics/pcl/fused/points_in,std_msgs/msg/Int32,41378
1774015565.9020429,/metrics/pcl/fused/processing_ms,std_msgs/msg/Float32,138.9729766845703
1774015566.1405892,/metrics/pcl/fused/detections_count,std_msgs/msg/Int32,78
1774015566.1407557,/metrics/pcl/fused/points_in,std_msgs/msg/Int32,41308
1774015566.1408486,/metrics/pcl/fused/processing_ms,std_msgs/msg/Float32,135.56358337402344
1774015566.377993,/metrics/pcl/fused/detections_count,std_msgs/msg/Int32,72
1774015566.3781931,/metrics/pcl/fused/points_in,std_msgs/msg/Int32,41230
1774015566.3821776,/metrics/pcl/fused/processing_ms,std_msgs/msg/Float32,133.46897888183594
1774015566.6208403,/metrics/pcl/fused/detections_count,std_msgs/msg/Int32,76
1774015566.6209936,/metrics/pcl/fused/points_in,std_msgs/msg/Int32,41061
1774015566.6210666,/metrics/pcl/fused/processing_ms,std_msgs/msg/Float32,139.715576171875
1774015566.8619533,/metrics/pcl/fused/detections_count,std_msgs/msg/Int32,78
1774015566.8620675,/metrics/pcl/fused/points_in,std_msgs/msg/Int32,40956
1774015566.8621259,/metrics/pcl/fused/processing_ms,std_msgs/msg/Float32,136.80715942382812
1774015567.1087806,/metrics/pcl/fused/detections_count,std_msgs/msg/Int32,81
1774015567.1089633,/metrics/pcl/fused/points_in,std_msgs/msg/Int32,41000
1774015567.1090717,/metrics/pcl/fused/processing_ms,std_msgs/msg/Float32,134.78004455566406
1774015567.3502688,/metrics/pcl/fused/detections_count,std_msgs/msg/Int32,74
1774015567.3503754,/metrics/pcl/fused/points_in,std_msgs/msg/Int32,40998
1774015567.350432,/metrics/pcl/fused/processing_ms,std_msgs/msg/Float32,130.03370666503906
1774015567.5982046,/metrics/pcl/fused/detections_count,std_msgs/msg/Int32,72
1774015567.598322,/metrics/pcl/fused/points_in,std_msgs/msg/Int32,40984
1774015567.5983915,/metrics/pcl/fused/processing_ms,std_msgs/msg/Float32,136.60397338867188
1774015567.8418381,/metrics/pcl/fused/detections_count,std_msgs/msg/Int32,80
1774015567.8420076,/metrics/pcl/fused/points_in,std_msgs/msg/Int32,41009
1774015567.842082,/metrics/pcl/fused/processing_ms,std_msgs/msg/Float32,136.61851501464844
1774015568.08569,/metrics/pcl/fused/detections_count,std_msgs/msg/Int32,85
1774015568.0858057,/metrics/pcl/fused/points_in,std_msgs/msg/Int32,40999
1774015568.0858805,/metrics/pcl/fused/processing_ms,std_msgs/msg/Float32,134.52175903320312
1774015568.3253396,/metrics/pcl/fused/detections_count,std_msgs/msg/Int32,81
1774015568.3254948,/metrics/pcl/fused/points_in,std_msgs/msg/Int32,40927
1774015568.3255923,/metrics/pcl/fused/processing_ms,std_msgs/msg/Float32,130.1315155029297
1774015568.5726714,/metrics/pcl/fused/detections_count,std_msgs/msg/Int32,77
1774015568.5728233,/metrics/pcl/fused/points_in,std_msgs/msg/Int32,40964
1774015568.5729163,/metrics/pcl/fused/processing_ms,std_msgs/msg/Float32,136.45938110351562
1774015568.8136587,/metrics/pcl/fused/detections_count,std_msgs/msg/Int32,75
1774015568.8137712,/metrics/pcl/fused/points_in,std_msgs/msg/Int32,40874
1774015568.8138337,/metrics/pcl/fused/processing_ms,std_msgs/msg/Float32,130.90643310546875
1774015569.0596125,/metrics/pcl/fused/detections_count,std_msgs/msg/Int32,80
1774015569.0597498,/metrics/pcl/fused/points_in,std_msgs/msg/Int32,40993
1774015569.0598304,/metrics/pcl/fused/processing_ms,std_msgs/msg/Float32,134.71511840820312
1774015569.5452602,/metrics/pcl/fused/detections_count,std_msgs/msg/Int32,75
1774015569.545372,/metrics/pcl/fused/points_in,std_msgs/msg/Int32,40942
1774015569.5454352,/metrics/pcl/fused/processing_ms,std_msgs/msg/Float32,135.9907989501953
1774015569.7918415,/metrics/pcl/fused/detections_count,std_msgs/msg/Int32,75
1774015569.7920327,/metrics/pcl/fused/points_in,std_msgs/msg/Int32,41015
1774015569.7921407,/metrics/pcl/fused/processing_ms,std_msgs/msg/Float32,133.23680114746094
1774015570.0413127,/metrics/pcl/fused/detections_count,std_msgs/msg/Int32,77
1774015570.0414903,/metrics/pcl/fused/points_in,std_msgs/msg/Int32,40973
1774015570.0415933,/metrics/pcl/fused/processing_ms,std_msgs/msg/Float32,136.75015258789062
1774015570.2847269,/metrics/pcl/fused/detections_count,std_msgs/msg/Int32,82
1774015570.2848592,/metrics/pcl/fused/points_in,std_msgs/msg/Int32,40998
1774015570.2849767,/metrics/pcl/fused/processing_ms,std_msgs/msg/Float32,129.95989990234375
1774015570.5315607,/metrics/pcl/fused/detections_count,std_msgs/msg/Int32,76
1774015570.5317645,/metrics/pcl/fused/points_in,std_msgs/msg/Int32,40847
1774015570.5319467,/metrics/pcl/fused/processing_ms,std_msgs/msg/Float32,133.77145385742188
1774015570.783848,/metrics/pcl/fused/detections_count,std_msgs/msg/Int32,70
1774015570.7839983,/metrics/pcl/fused/points_in,std_msgs/msg/Int32,40971
1774015570.7840579,/metrics/pcl/fused/processing_ms,std_msgs/msg/Float32,134.7740020751953
1774015571.2810476,/metrics/pcl/fused/detections_count,std_msgs/msg/Int32,80
1774015571.281163,/metrics/pcl/fused/points_in,std_msgs/msg/Int32,41000
1774015571.2812288,/metrics/pcl/fused/processing_ms,std_msgs/msg/Float32,130.41159057617188
1774015571.5385897,/metrics/pcl/fused/detections_count,std_msgs/msg/Int32,81
1774015571.5387905,/metrics/pcl/fused/points_in,std_msgs/msg/Int32,40898
1774015571.5429661,/metrics/pcl/fused/processing_ms,std_msgs/msg/Float32,138.1062469482422
1774015571.7915423,/metrics/pcl/fused/detections_count,std_msgs/msg/Int32,85
1774015571.7916672,/metrics/pcl/fused/points_in,std_msgs/msg/Int32,40999
1774015571.791728,/metrics/pcl/fused/processing_ms,std_msgs/msg/Float32,132.03977966308594
1774015572.0841289,/metrics/pcl/fused/detections_count,std_msgs/msg/Int32,75
1774015572.0842562,/metrics/pcl/fused/points_in,std_msgs/msg/Int32,41081
1774015572.084338,/metrics/pcl/fused/processing_ms,std_msgs/msg/Float32,172.07684326171875
1774015572.3408923,/metrics/pcl/fused/detections_count,std_msgs/msg/Int32,77
1774015572.3410466,/metrics/pcl/fused/points_in,std_msgs/msg/Int32,41325
1774015572.3411086,/metrics/pcl/fused/processing_ms,std_msgs/msg/Float32,131.04745483398438
1774015572.6011212,/metrics/pcl/fused/detections_count,std_msgs/msg/Int32,74
1774015572.601265,/metrics/pcl/fused/points_in,std_msgs/msg/Int32,41121
1774015572.6013598,/metrics/pcl/fused/processing_ms,std_msgs/msg/Float32,138.79135131835938
1774015572.8557217,/metrics/pcl/fused/detections_count,std_msgs/msg/Int32,75
1774015572.8558335,/metrics/pcl/fused/points_in,std_msgs/msg/Int32,41249
1774015572.8559127,/metrics/pcl/fused/processing_ms,std_msgs/msg/Float32,138.79409790039062
1774015573.114212,/metrics/pcl/fused/detections_count,std_msgs/msg/Int32,80
1774015573.114329,/metrics/pcl/fused/points_in,std_msgs/msg/Int32,41102
1774015573.1144128,/metrics/pcl/fused/processing_ms,std_msgs/msg/Float32,138.3091278076172
1774015573.3667362,/metrics/pcl/fused/detections_count,std_msgs/msg/Int32,76
1774015573.3668907,/metrics/pcl/fused/points_in,std_msgs/msg/Int32,41178
1774015573.3670304,/metrics/pcl/fused/processing_ms,std_msgs/msg/Float32,136.74014282226562
1774015573.6185951,/metrics/pcl/fused/detections_count,std_msgs/msg/Int32,75
1774015573.6187036,/metrics/pcl/fused/points_in,std_msgs/msg/Int32,41268
1774015573.618783,/metrics/pcl/fused/processing_ms,std_msgs/msg/Float32,133.33029174804688
1774015573.8801675,/metrics/pcl/fused/detections_count,std_msgs/msg/Int32,77
1774015573.8803232,/metrics/pcl/fused/points_in,std_msgs/msg/Int32,41311
1774015573.8804104,/metrics/pcl/fused/processing_ms,std_msgs/msg/Float32,136.4112548828125
1774015574.1365738,/metrics/pcl/fused/detections_count,std_msgs/msg/Int32,76
1774015574.1367016,/metrics/pcl/fused/points_in,std_msgs/msg/Int32,41259
1774015574.1367693,/metrics/pcl/fused/processing_ms,std_msgs/msg/Float32,139.34963989257812
1774015574.3923514,/metrics/pcl/fused/detections_count,std_msgs/msg/Int32,77
1774015574.3925042,/metrics/pcl/fused/points_in,std_msgs/msg/Int32,41192
1774015574.3926036,/metrics/pcl/fused/processing_ms,std_msgs/msg/Float32,136.0201873779297
1774015574.6501374,/metrics/pcl/fused/detections_count,std_msgs/msg/Int32,76
1774015574.650308,/metrics/pcl/fused/points_in,std_msgs/msg/Int32,41110
1774015574.6504297,/metrics/pcl/fused/processing_ms,std_msgs/msg/Float32,138.37423706054688
1774015574.9110503,/metrics/pcl/fused/detections_count,std_msgs/msg/Int32,84
1774015574.9112236,/metrics/pcl/fused/points_in,std_msgs/msg/Int32,41089
1774015574.9113288,/metrics/pcl/fused/processing_ms,std_msgs/msg/Float32,136.71746826171875
1774015575.1667056,/metrics/pcl/fused/detections_count,std_msgs/msg/Int32,80
1774015575.1668448,/metrics/pcl/fused/points_in,std_msgs/msg/Int32,40961
1774015575.1669655,/metrics/pcl/fused/processing_ms,std_msgs/msg/Float32,135.7175750732422
1774015575.420374,/metrics/pcl/fused/detections_count,std_msgs/msg/Int32,83
1774015575.4205127,/metrics/pcl/fused/points_in,std_msgs/msg/Int32,40981
1774015575.4205744,/metrics/pcl/fused/processing_ms,std_msgs/msg/Float32,132.95645141601562
1774015575.6801493,/metrics/pcl/fused/detections_count,std_msgs/msg/Int32,81
1774015575.680309,/metrics/pcl/fused/points_in,std_msgs/msg/Int32,40954
1774015575.6803684,/metrics/pcl/fused/processing_ms,std_msgs/msg/Float32,134.36033630371094
1774015575.9434376,/metrics/pcl/fused/detections_count,std_msgs/msg/Int32,78
1774015575.9435515,/metrics/pcl/fused/points_in,std_msgs/msg/Int32,41040
1774015575.9436114,/metrics/pcl/fused/processing_ms,std_msgs/msg/Float32,135.74990844726562
1774015576.2055452,/metrics/pcl/fused/detections_count,std_msgs/msg/Int32,74
1774015576.2057064,/metrics/pcl/fused/points_in,std_msgs/msg/Int32,41023
1774015576.2058284,/metrics/pcl/fused/processing_ms,std_msgs/msg/Float32,134.18751525878906
1774015576.4637268,/metrics/pcl/fused/detections_count,std_msgs/msg/Int32,72
1774015576.4638677,/metrics/pcl/fused/points_in,std_msgs/msg/Int32,40947
1774015576.4639525,/metrics/pcl/fused/processing_ms,std_msgs/msg/Float32,134.13510131835938
1774015576.7243075,/metrics/pcl/fused/detections_count,std_msgs/msg/Int32,78
1774015576.724463,/metrics/pcl/fused/points_in,std_msgs/msg/Int32,40792
1774015576.7245634,/metrics/pcl/fused/processing_ms,std_msgs/msg/Float32,133.2991180419922
1774015577.2474406,/metrics/pcl/fused/detections_count,std_msgs/msg/Int32,78
1774015577.2475905,/metrics/pcl/fused/points_in,std_msgs/msg/Int32,41012
1774015577.2476597,/metrics/pcl/fused/processing_ms,std_msgs/msg/Float32,133.98146057128906
1774015577.5101593,/metrics/pcl/fused/detections_count,std_msgs/msg/Int32,76
1774015577.5102723,/metrics/pcl/fused/points_in,std_msgs/msg/Int32,40992
1774015577.510335,/metrics/pcl/fused/processing_ms,std_msgs/msg/Float32,132.93955993652344
1774015577.7702472,/metrics/pcl/fused/detections_count,std_msgs/msg/Int32,78
1774015577.7703965,/metrics/pcl/fused/points_in,std_msgs/msg/Int32,40919
1774015577.770484,/metrics/pcl/fused/processing_ms,std_msgs/msg/Float32,134.1158905029297
1774015578.031036,/metrics/pcl/fused/detections_count,std_msgs/msg/Int32,82
1774015578.0311437,/metrics/pcl/fused/points_in,std_msgs/msg/Int32,40830
1774015578.0312088,/metrics/pcl/fused/processing_ms,std_msgs/msg/Float32,133.64971923828125
1774015578.2889073,/metrics/pcl/fused/detections_count,std_msgs/msg/Int32,78
1774015578.289084,/metrics/pcl/fused/points_in,std_msgs/msg/Int32,40763
1774015578.2891622,/metrics/pcl/fused/processing_ms,std_msgs/msg/Float32,129.63153076171875
1774015578.5557697,/metrics/pcl/fused/detections_count,std_msgs/msg/Int32,78
1774015578.5559042,/metrics/pcl/fused/points_in,std_msgs/msg/Int32,40861
1774015578.555987,/metrics/pcl/fused/processing_ms,std_msgs/msg/Float32,141.4615020751953
1774015578.8269534,/metrics/pcl/fused/detections_count,std_msgs/msg/Int32,78
1774015578.8270607,/metrics/pcl/fused/points_in,std_msgs/msg/Int32,40913
1774015578.8271282,/metrics/pcl/fused/processing_ms,std_msgs/msg/Float32,137.13124084472656
1774015579.0847538,/metrics/pcl/fused/detections_count,std_msgs/msg/Int32,74
1774015579.0848675,/metrics/pcl/fused/points_in,std_msgs/msg/Int32,40864
1774015579.0849607,/metrics/pcl/fused/processing_ms,std_msgs/msg/Float32,133.02239990234375
1774015579.3414857,/metrics/pcl/fused/detections_count,std_msgs/msg/Int32,77
1774015579.341605,/metrics/pcl/fused/points_in,std_msgs/msg/Int32,40934
1774015579.3416626,/metrics/pcl/fused/processing_ms,std_msgs/msg/Float32,131.73658752441406
1774015579.6020253,/metrics/pcl/fused/detections_count,std_msgs/msg/Int32,72
1774015579.6021593,/metrics/pcl/fused/points_in,std_msgs/msg/Int32,40976
1774015579.602238,/metrics/pcl/fused/processing_ms,std_msgs/msg/Float32,133.485595703125
1774015579.8768976,/metrics/pcl/fused/detections_count,std_msgs/msg/Int32,77
1774015579.8770993,/metrics/pcl/fused/points_in,std_msgs/msg/Int32,40881
1774015579.8771846,/metrics/pcl/fused/processing_ms,std_msgs/msg/Float32,145.94406127929688
1774015580.147543,/metrics/pcl/fused/detections_count,std_msgs/msg/Int32,77
1774015580.1476727,/metrics/pcl/fused/points_in,std_msgs/msg/Int32,40897
1774015580.1477427,/metrics/pcl/fused/processing_ms,std_msgs/msg/Float32,138.1533203125
1774015580.410085,/metrics/pcl/fused/detections_count,std_msgs/msg/Int32,77
1774015580.4102306,/metrics/pcl/fused/points_in,std_msgs/msg/Int32,41086
1774015580.4102917,/metrics/pcl/fused/processing_ms,std_msgs/msg/Float32,136.52069091796875
1774015580.6774762,/metrics/pcl/fused/detections_count,std_msgs/msg/Int32,79
1774015580.6776457,/metrics/pcl/fused/points_in,std_msgs/msg/Int32,40964
1774015580.6777198,/metrics/pcl/fused/processing_ms,std_msgs/msg/Float32,140.41815185546875
1774015580.9456134,/metrics/pcl/fused/detections_count,std_msgs/msg/Int32,74
1774015580.945745,/metrics/pcl/fused/points_in,std_msgs/msg/Int32,41051
1774015580.9458287,/metrics/pcl/fused/processing_ms,std_msgs/msg/Float32,140.6195831298828
1774015581.2108629,/metrics/pcl/fused/detections_count,std_msgs/msg/Int32,77
1774015581.211007,/metrics/pcl/fused/points_in,std_msgs/msg/Int32,41005
1774015581.2110758,/metrics/pcl/fused/processing_ms,std_msgs/msg/Float32,136.8774871826172
1774015581.46527,/metrics/pcl/fused/detections_count,std_msgs/msg/Int32,71
1774015581.4654148,/metrics/pcl/fused/points_in,std_msgs/msg/Int32,40994
1774015581.4654958,/metrics/pcl/fused/processing_ms,std_msgs/msg/Float32,133.12979125976562
1774015581.744559,/metrics/pcl/fused/detections_count,std_msgs/msg/Int32,73
1774015581.744675,/metrics/pcl/fused/points_in,std_msgs/msg/Int32,40923
1774015581.7447398,/metrics/pcl/fused/processing_ms,std_msgs/msg/Float32,145.88780212402344
1774015582.0079632,/metrics/pcl/fused/detections_count,std_msgs/msg/Int32,77
1774015582.008097,/metrics/pcl/fused/points_in,std_msgs/msg/Int32,40966
1774015582.0081663,/metrics/pcl/fused/processing_ms,std_msgs/msg/Float32,141.9441680908203
1774015582.2605762,/metrics/pcl/fused/detections_count,std_msgs/msg/Int32,76
1774015582.2607005,/metrics/pcl/fused/points_in,std_msgs/msg/Int32,40979
1774015582.2607615,/metrics/pcl/fused/processing_ms,std_msgs/msg/Float32,133.19728088378906
1774015582.524019,/metrics/pcl/fused/detections_count,std_msgs/msg/Int32,78
1774015582.5241272,/metrics/pcl/fused/points_in,std_msgs/msg/Int32,41058
1774015582.5241857,/metrics/pcl/fused/processing_ms,std_msgs/msg/Float32,136.20997619628906
1774015582.792226,/metrics/pcl/fused/detections_count,std_msgs/msg/Int32,75
1774015582.7923365,/metrics/pcl/fused/points_in,std_msgs/msg/Int32,41053
1774015582.7924,/metrics/pcl/fused/processing_ms,std_msgs/msg/Float32,135.5906524658203
1774015583.062634,/metrics/pcl/fused/detections_count,std_msgs/msg/Int32,76
1774015583.0627534,/metrics/pcl/fused/points_in,std_msgs/msg/Int32,41136
1774015583.0628295,/metrics/pcl/fused/processing_ms,std_msgs/msg/Float32,139.44813537597656
1774015583.319453,/metrics/pcl/fused/detections_count,std_msgs/msg/Int32,78
1774015583.3195755,/metrics/pcl/fused/points_in,std_msgs/msg/Int32,41020
1774015583.319639,/metrics/pcl/fused/processing_ms,std_msgs/msg/Float32,132.4009246826172
1774015583.5826519,/metrics/pcl/fused/detections_count,std_msgs/msg/Int32,73
1774015583.5828087,/metrics/pcl/fused/points_in,std_msgs/msg/Int32,40935
1774015583.582967,/metrics/pcl/fused/processing_ms,std_msgs/msg/Float32,135.16427612304688
1774015583.8451443,/metrics/pcl/fused/detections_count,std_msgs/msg/Int32,73
1774015583.8452656,/metrics/pcl/fused/points_in,std_msgs/msg/Int32,40776
1774015583.8453321,/metrics/pcl/fused/processing_ms,std_msgs/msg/Float32,136.14535522460938
1774015584.105386,/metrics/pcl/fused/detections_count,std_msgs/msg/Int32,80
1774015584.1055396,/metrics/pcl/fused/points_in,std_msgs/msg/Int32,40808
1774015584.1056156,/metrics/pcl/fused/processing_ms,std_msgs/msg/Float32,131.50148010253906
1774015584.361601,/metrics/pcl/fused/detections_count,std_msgs/msg/Int32,79
1774015584.361723,/metrics/pcl/fused/points_in,std_msgs/msg/Int32,40805
1774015584.361791,/metrics/pcl/fused/processing_ms,std_msgs/msg/Float32,126.52971649169922
1774015584.625328,/metrics/pcl/fused/detections_count,std_msgs/msg/Int32,80
1774015584.6254613,/metrics/pcl/fused/points_in,std_msgs/msg/Int32,40860
1774015584.6255696,/metrics/pcl/fused/processing_ms,std_msgs/msg/Float32,130.0296630859375
1774015584.8977385,/metrics/pcl/fused/detections_count,std_msgs/msg/Int32,84
1774015584.8978667,/metrics/pcl/fused/points_in,std_msgs/msg/Int32,40958
1774015584.8979685,/metrics/pcl/fused/processing_ms,std_msgs/msg/Float32,133.755126953125
1774015585.1360362,/metrics/pcl/fused/detections_count,std_msgs/msg/Int32,79
1774015585.1361804,/metrics/pcl/fused/points_in,std_msgs/msg/Int32,40889
1774015585.1362572,/metrics/pcl/fused/processing_ms,std_msgs/msg/Float32,127.24227905273438
1774015585.375242,/metrics/pcl/fused/detections_count,std_msgs/msg/Int32,86
1774015585.3754096,/metrics/pcl/fused/points_in,std_msgs/msg/Int32,40999
1774015585.3754954,/metrics/pcl/fused/processing_ms,std_msgs/msg/Float32,130.19972229003906
1774015585.611593,/metrics/pcl/fused/detections_count,std_msgs/msg/Int32,77
1774015585.6117358,/metrics/pcl/fused/points_in,std_msgs/msg/Int32,40799
1774015585.6118224,/metrics/pcl/fused/processing_ms,std_msgs/msg/Float32,130.21604919433594
1774015585.8582916,/metrics/pcl/fused/detections_count,std_msgs/msg/Int32,74
1774015585.8583982,/metrics/pcl/fused/points_in,std_msgs/msg/Int32,40890
1774015585.8584523,/metrics/pcl/fused/processing_ms,std_msgs/msg/Float32,135.7811279296875
1774015586.096357,/metrics/pcl/fused/detections_count,std_msgs/msg/Int32,76
1774015586.0965014,/metrics/pcl/fused/points_in,std_msgs/msg/Int32,41042
1774015586.0965953,/metrics/pcl/fused/processing_ms,std_msgs/msg/Float32,134.217529296875
1774015586.3359644,/metrics/pcl/fused/detections_count,std_msgs/msg/Int32,80
1774015586.3360884,/metrics/pcl/fused/points_in,std_msgs/msg/Int32,40985
1774015586.3361537,/metrics/pcl/fused/processing_ms,std_msgs/msg/Float32,133.20819091796875
1774015586.5784009,/metrics/pcl/fused/detections_count,std_msgs/msg/Int32,79
1774015586.5785513,/metrics/pcl/fused/points_in,std_msgs/msg/Int32,41127
1774015586.5786235,/metrics/pcl/fused/processing_ms,std_msgs/msg/Float32,133.3142547607422
1774015586.8260522,/metrics/pcl/fused/detections_count,std_msgs/msg/Int32,77
1774015586.8261964,/metrics/pcl/fused/points_in,std_msgs/msg/Int32,41011
1774015586.8301208,/metrics/pcl/fused/processing_ms,std_msgs/msg/Float32,135.07608032226562
1774015587.0675826,/metrics/pcl/fused/detections_count,std_msgs/msg/Int32,77
1774015587.067698,/metrics/pcl/fused/points_in,std_msgs/msg/Int32,40955
1774015587.0677774,/metrics/pcl/fused/processing_ms,std_msgs/msg/Float32,130.94802856445312
1774015587.3060615,/metrics/pcl/fused/detections_count,std_msgs/msg/Int32,77
1774015587.306187,/metrics/pcl/fused/points_in,std_msgs/msg/Int32,40948
1774015587.3062618,/metrics/pcl/fused/processing_ms,std_msgs/msg/Float32,128.6679229736328
1774015587.5521173,/metrics/pcl/fused/detections_count,std_msgs/msg/Int32,79
1774015587.5522401,/metrics/pcl/fused/points_in,std_msgs/msg/Int32,40986
1774015587.552304,/metrics/pcl/fused/processing_ms,std_msgs/msg/Float32,132.60610961914062
1774015587.7980065,/metrics/pcl/fused/detections_count,std_msgs/msg/Int32,76
1774015587.7981157,/metrics/pcl/fused/points_in,std_msgs/msg/Int32,41071
1774015587.7981741,/metrics/pcl/fused/processing_ms,std_msgs/msg/Float32,132.57420349121094
1774015588.045328,/metrics/pcl/fused/detections_count,std_msgs/msg/Int32,76
1774015588.0454452,/metrics/pcl/fused/points_in,std_msgs/msg/Int32,40916
1774015588.0455086,/metrics/pcl/fused/processing_ms,std_msgs/msg/Float32,133.6334228515625
1774015588.289047,/metrics/pcl/fused/detections_count,std_msgs/msg/Int32,77
1774015588.2892094,/metrics/pcl/fused/points_in,std_msgs/msg/Int32,40929
1774015588.2893007,/metrics/pcl/fused/processing_ms,std_msgs/msg/Float32,130.1748046875
1774015588.5297089,/metrics/pcl/fused/detections_count,std_msgs/msg/Int32,78
1774015588.52983,/metrics/pcl/fused/points_in,std_msgs/msg/Int32,40883
1774015588.5298986,/metrics/pcl/fused/processing_ms,std_msgs/msg/Float32,132.9720458984375
1774015588.7787056,/metrics/pcl/fused/detections_count,std_msgs/msg/Int32,78
1774015588.778843,/metrics/pcl/fused/points_in,std_msgs/msg/Int32,40862
1774015588.7789268,/metrics/pcl/fused/processing_ms,std_msgs/msg/Float32,132.78977966308594
1774015589.022763,/metrics/pcl/fused/detections_count,std_msgs/msg/Int32,82
1774015589.022939,/metrics/pcl/fused/points_in,std_msgs/msg/Int32,40789
1774015589.023006,/metrics/pcl/fused/processing_ms,std_msgs/msg/Float32,131.30242919921875
1774015589.2681048,/metrics/pcl/fused/detections_count,std_msgs/msg/Int32,79
1774015589.2682226,/metrics/pcl/fused/points_in,std_msgs/msg/Int32,40916
1774015589.268287,/metrics/pcl/fused/processing_ms,std_msgs/msg/Float32,128.06536865234375
1774015589.5152407,/metrics/pcl/fused/detections_count,std_msgs/msg/Int32,85
1774015589.5153646,/metrics/pcl/fused/points_in,std_msgs/msg/Int32,40908
1774015589.515433,/metrics/pcl/fused/processing_ms,std_msgs/msg/Float32,136.29476928710938
1774015589.7682984,/metrics/pcl/fused/detections_count,std_msgs/msg/Int32,77
1774015589.7684147,/metrics/pcl/fused/points_in,std_msgs/msg/Int32,40892
1774015589.7684824,/metrics/pcl/fused/processing_ms,std_msgs/msg/Float32,133.39007568359375
1774015590.012407,/metrics/pcl/fused/detections_count,std_msgs/msg/Int32,75
1774015590.0125544,/metrics/pcl/fused/points_in,std_msgs/msg/Int32,40876
1774015590.0126202,/metrics/pcl/fused/processing_ms,std_msgs/msg/Float32,131.7195281982422
1774015590.261219,/metrics/pcl/fused/detections_count,std_msgs/msg/Int32,80
1774015590.2613409,/metrics/pcl/fused/points_in,std_msgs/msg/Int32,40879
1774015590.2614086,/metrics/pcl/fused/processing_ms,std_msgs/msg/Float32,130.01730346679688
1774015590.511489,/metrics/pcl/fused/detections_count,std_msgs/msg/Int32,75
1774015590.5116634,/metrics/pcl/fused/points_in,std_msgs/msg/Int32,40938
1774015590.5117528,/metrics/pcl/fused/processing_ms,std_msgs/msg/Float32,133.73214721679688
1774015590.761753,/metrics/pcl/fused/detections_count,std_msgs/msg/Int32,75
1774015590.7618892,/metrics/pcl/fused/points_in,std_msgs/msg/Int32,40889
1774015590.7619884,/metrics/pcl/fused/processing_ms,std_msgs/msg/Float32,131.8765106201172
1774015591.019157,/metrics/pcl/fused/detections_count,std_msgs/msg/Int32,78
1774015591.0193048,/metrics/pcl/fused/points_in,std_msgs/msg/Int32,40958
1774015591.0193784,/metrics/pcl/fused/processing_ms,std_msgs/msg/Float32,136.6146697998047
1774015591.2693682,/metrics/pcl/fused/detections_count,std_msgs/msg/Int32,73
1774015591.2695184,/metrics/pcl/fused/points_in,std_msgs/msg/Int32,41160
1774015591.2695994,/metrics/pcl/fused/processing_ms,std_msgs/msg/Float32,133.7797393798828
1774015591.5189366,/metrics/pcl/fused/detections_count,std_msgs/msg/Int32,79
1774015591.519065,/metrics/pcl/fused/points_in,std_msgs/msg/Int32,41040
1774015591.5191455,/metrics/pcl/fused/processing_ms,std_msgs/msg/Float32,134.97784423828125
1774015591.780603,/metrics/pcl/fused/detections_count,std_msgs/msg/Int32,73
1774015591.7807205,/metrics/pcl/fused/points_in,std_msgs/msg/Int32,41265
1774015591.780785,/metrics/pcl/fused/processing_ms,std_msgs/msg/Float32,133.55941772460938
1774015592.041074,/metrics/pcl/fused/detections_count,std_msgs/msg/Int32,73
1774015592.0413027,/metrics/pcl/fused/points_in,std_msgs/msg/Int32,41082
1774015592.0452535,/metrics/pcl/fused/processing_ms,std_msgs/msg/Float32,133.7457275390625
1774015592.2900164,/metrics/pcl/fused/detections_count,std_msgs/msg/Int32,83
1774015592.2901351,/metrics/pcl/fused/points_in,std_msgs/msg/Int32,41047
1774015592.290195,/metrics/pcl/fused/processing_ms,std_msgs/msg/Float32,128.83718872070312
1774015592.5457892,/metrics/pcl/fused/detections_count,std_msgs/msg/Int32,77
1774015592.5459762,/metrics/pcl/fused/points_in,std_msgs/msg/Int32,41100
1774015592.5460615,/metrics/pcl/fused/processing_ms,std_msgs/msg/Float32,134.2906494140625
1774015592.804492,/metrics/pcl/fused/detections_count,std_msgs/msg/Int32,78
1774015592.8046157,/metrics/pcl/fused/points_in,std_msgs/msg/Int32,41087
1774015592.8047054,/metrics/pcl/fused/processing_ms,std_msgs/msg/Float32,132.81753540039062
1774015593.3213758,/metrics/pcl/fused/detections_count,std_msgs/msg/Int32,78
1774015593.3215666,/metrics/pcl/fused/points_in,std_msgs/msg/Int32,40937
1774015593.3216858,/metrics/pcl/fused/processing_ms,std_msgs/msg/Float32,134.83349609375
1774015593.5745091,/metrics/pcl/fused/detections_count,std_msgs/msg/Int32,76
1774015593.5746484,/metrics/pcl/fused/points_in,std_msgs/msg/Int32,40848
1774015593.574712,/metrics/pcl/fused/processing_ms,std_msgs/msg/Float32,135.9706268310547
1774015593.8306458,/metrics/pcl/fused/detections_count,std_msgs/msg/Int32,78
1774015593.8307755,/metrics/pcl/fused/points_in,std_msgs/msg/Int32,40889
1774015593.8308566,/metrics/pcl/fused/processing_ms,std_msgs/msg/Float32,137.5711212158203
1774015594.0835736,/metrics/pcl/fused/detections_count,std_msgs/msg/Int32,79
1774015594.0837035,/metrics/pcl/fused/points_in,std_msgs/msg/Int32,40813
1774015594.0837796,/metrics/pcl/fused/processing_ms,std_msgs/msg/Float32,134.25506591796875
1774015594.3329346,/metrics/pcl/fused/detections_count,std_msgs/msg/Int32,78
1774015594.3330462,/metrics/pcl/fused/points_in,std_msgs/msg/Int32,40865
1774015594.3331165,/metrics/pcl/fused/processing_ms,std_msgs/msg/Float32,131.47166442871094
1774015594.5911884,/metrics/pcl/fused/detections_count,std_msgs/msg/Int32,73
1774015594.5912993,/metrics/pcl/fused/points_in,std_msgs/msg/Int32,40863
1774015594.591354,/metrics/pcl/fused/processing_ms,std_msgs/msg/Float32,136.65896606445312
1774015594.849857,/metrics/pcl/fused/detections_count,std_msgs/msg/Int32,77
1774015594.8499844,/metrics/pcl/fused/points_in,std_msgs/msg/Int32,41001
1774015594.8500388,/metrics/pcl/fused/processing_ms,std_msgs/msg/Float32,136.97915649414062
1774015595.115038,/metrics/pcl/fused/detections_count,std_msgs/msg/Int32,77
1774015595.1151862,/metrics/pcl/fused/points_in,std_msgs/msg/Int32,40982
1774015595.1152852,/metrics/pcl/fused/processing_ms,std_msgs/msg/Float32,142.2567138671875
1774015595.3640041,/metrics/pcl/fused/detections_count,std_msgs/msg/Int32,80
1774015595.3641229,/metrics/pcl/fused/points_in,std_msgs/msg/Int32,40845
1774015595.3641882,/metrics/pcl/fused/processing_ms,std_msgs/msg/Float32,130.2777099609375
1774015595.6222591,/metrics/pcl/fused/detections_count,std_msgs/msg/Int32,76
1774015595.6223903,/metrics/pcl/fused/points_in,std_msgs/msg/Int32,40972
1774015595.6224747,/metrics/pcl/fused/processing_ms,std_msgs/msg/Float32,134.82870483398438
1774015595.8907092,/metrics/pcl/fused/detections_count,std_msgs/msg/Int32,75
1774015595.8908615,/metrics/pcl/fused/points_in,std_msgs/msg/Int32,40972
1774015595.8909686,/metrics/pcl/fused/processing_ms,std_msgs/msg/Float32,141.0678253173828
1774015596.1580477,/metrics/pcl/fused/detections_count,std_msgs/msg/Int32,76
1774015596.1582112,/metrics/pcl/fused/points_in,std_msgs/msg/Int32,40921
1774015596.1583028,/metrics/pcl/fused/processing_ms,std_msgs/msg/Float32,138.5154266357422
1774015596.4158669,/metrics/pcl/fused/detections_count,std_msgs/msg/Int32,79
1774015596.41603,/metrics/pcl/fused/points_in,std_msgs/msg/Int32,40972
1774015596.416104,/metrics/pcl/fused/processing_ms,std_msgs/msg/Float32,134.89633178710938
1774015596.673196,/metrics/pcl/fused/detections_count,std_msgs/msg/Int32,77
1774015596.673342,/metrics/pcl/fused/points_in,std_msgs/msg/Int32,40946
1774015596.6734343,/metrics/pcl/fused/processing_ms,std_msgs/msg/Float32,133.00848388671875
1774015596.9314413,/metrics/pcl/fused/detections_count,std_msgs/msg/Int32,85
1774015596.931558,/metrics/pcl/fused/points_in,std_msgs/msg/Int32,41082
1774015596.9316206,/metrics/pcl/fused/processing_ms,std_msgs/msg/Float32,132.14813232421875
1774015597.1901522,/metrics/pcl/fused/detections_count,std_msgs/msg/Int32,78
1774015597.1902804,/metrics/pcl/fused/points_in,std_msgs/msg/Int32,41172
1774015597.1903453,/metrics/pcl/fused/processing_ms,std_msgs/msg/Float32,130.22129821777344
1774015597.4498637,/metrics/pcl/fused/detections_count,std_msgs/msg/Int32,80
1774015597.4500248,/metrics/pcl/fused/points_in,std_msgs/msg/Int32,41062
1774015597.4501092,/metrics/pcl/fused/processing_ms,std_msgs/msg/Float32,132.77566528320312
1774015597.7078602,/metrics/pcl/fused/detections_count,std_msgs/msg/Int32,76
1774015597.7080631,/metrics/pcl/fused/points_in,std_msgs/msg/Int32,40934
1774015597.7081761,/metrics/pcl/fused/processing_ms,std_msgs/msg/Float32,129.97738647460938
1774015597.9741323,/metrics/pcl/fused/detections_count,std_msgs/msg/Int32,75
1774015597.9742827,/metrics/pcl/fused/points_in,std_msgs/msg/Int32,40861
1774015597.9743657,/metrics/pcl/fused/processing_ms,std_msgs/msg/Float32,132.74879455566406
1774015598.2303147,/metrics/pcl/fused/detections_count,std_msgs/msg/Int32,81
1774015598.2304535,/metrics/pcl/fused/points_in,std_msgs/msg/Int32,41130
1774015598.230546,/metrics/pcl/fused/processing_ms,std_msgs/msg/Float32,126.27935791015625
1774015598.491051,/metrics/pcl/fused/detections_count,std_msgs/msg/Int32,79
1774015598.4911816,/metrics/pcl/fused/points_in,std_msgs/msg/Int32,41069
1774015598.4912734,/metrics/pcl/fused/processing_ms,std_msgs/msg/Float32,131.4909210205078
1774015598.7652733,/metrics/pcl/fused/detections_count,std_msgs/msg/Int32,78
1774015598.7654126,/metrics/pcl/fused/points_in,std_msgs/msg/Int32,40965
1774015598.7654984,/metrics/pcl/fused/processing_ms,std_msgs/msg/Float32,138.58331298828125
1774015599.0413923,/metrics/pcl/fused/detections_count,std_msgs/msg/Int32,81
1774015599.0415351,/metrics/pcl/fused/points_in,std_msgs/msg/Int32,40815
1774015599.0416453,/metrics/pcl/fused/processing_ms,std_msgs/msg/Float32,138.95993041992188
1774015599.3141823,/metrics/pcl/fused/detections_count,std_msgs/msg/Int32,81
1774015599.314336,/metrics/pcl/fused/points_in,std_msgs/msg/Int32,41016
1774015599.3144426,/metrics/pcl/fused/processing_ms,std_msgs/msg/Float32,134.68931579589844
1774015599.5825317,/metrics/pcl/fused/detections_count,std_msgs/msg/Int32,79
1774015599.5827222,/metrics/pcl/fused/points_in,std_msgs/msg/Int32,40938
1774015599.5828054,/metrics/pcl/fused/processing_ms,std_msgs/msg/Float32,135.4844970703125
1774015599.8446453,/metrics/pcl/fused/detections_count,std_msgs/msg/Int32,82
1774015599.8447766,/metrics/pcl/fused/points_in,std_msgs/msg/Int32,40952
1774015599.8449032,/metrics/pcl/fused/processing_ms,std_msgs/msg/Float32,136.21633911132812
1774015600.1066318,/metrics/pcl/fused/detections_count,std_msgs/msg/Int32,82
1774015600.106783,/metrics/pcl/fused/points_in,std_msgs/msg/Int32,40816
1774015600.106883,/metrics/pcl/fused/processing_ms,std_msgs/msg/Float32,132.7904510498047
1774015600.3589997,/metrics/pcl/fused/detections_count,std_msgs/msg/Int32,81
1774015600.359121,/metrics/pcl/fused/points_in,std_msgs/msg/Int32,40829
1774015600.3591874,/metrics/pcl/fused/processing_ms,std_msgs/msg/Float32,128.12997436523438
1774015600.6236198,/metrics/pcl/fused/detections_count,std_msgs/msg/Int32,82
1774015600.6237903,/metrics/pcl/fused/points_in,std_msgs/msg/Int32,40761
1774015600.6238856,/metrics/pcl/fused/processing_ms,std_msgs/msg/Float32,132.99398803710938
1774015600.8880117,/metrics/pcl/fused/detections_count,std_msgs/msg/Int32,77
1774015600.888133,/metrics/pcl/fused/points_in,std_msgs/msg/Int32,40907
1774015600.8882008,/metrics/pcl/fused/processing_ms,std_msgs/msg/Float32,128.7682342529297
1774015601.1533566,/metrics/pcl/fused/detections_count,std_msgs/msg/Int32,85
1774015601.153558,/metrics/pcl/fused/points_in,std_msgs/msg/Int32,41022
1774015601.1537411,/metrics/pcl/fused/processing_ms,std_msgs/msg/Float32,131.82083129882812
1774015601.4472005,/metrics/pcl/fused/detections_count,std_msgs/msg/Int32,83
1774015601.4473197,/metrics/pcl/fused/points_in,std_msgs/msg/Int32,41078
1774015601.447384,/metrics/pcl/fused/processing_ms,std_msgs/msg/Float32,136.1730194091797
1774015601.7121916,/metrics/pcl/fused/detections_count,std_msgs/msg/Int32,77
1774015601.7123373,/metrics/pcl/fused/points_in,std_msgs/msg/Int32,41177
1774015601.712424,/metrics/pcl/fused/processing_ms,std_msgs/msg/Float32,135.6210174560547
1774015601.9749029,/metrics/pcl/fused/detections_count,std_msgs/msg/Int32,78
1774015601.975034,/metrics/pcl/fused/points_in,std_msgs/msg/Int32,41153
1774015601.9751008,/metrics/pcl/fused/processing_ms,std_msgs/msg/Float32,131.46890258789062
1774015602.2420597,/metrics/pcl/fused/detections_count,std_msgs/msg/Int32,76
1774015602.2422006,/metrics/pcl/fused/points_in,std_msgs/msg/Int32,41154
1774015602.242267,/metrics/pcl/fused/processing_ms,std_msgs/msg/Float32,135.40589904785156
1774015602.5035956,/metrics/pcl/fused/detections_count,std_msgs/msg/Int32,75
1774015602.5037115,/metrics/pcl/fused/points_in,std_msgs/msg/Int32,41137
1774015602.503775,/metrics/pcl/fused/processing_ms,std_msgs/msg/Float32,136.6220245361328
1774015602.765221,/metrics/pcl/fused/detections_count,std_msgs/msg/Int32,80
1774015602.7653396,/metrics/pcl/fused/points_in,std_msgs/msg/Int32,41210
1774015602.7654026,/metrics/pcl/fused/processing_ms,std_msgs/msg/Float32,133.93301391601562
1774015603.0285587,/metrics/pcl/fused/detections_count,std_msgs/msg/Int32,82
1774015603.0287127,/metrics/pcl/fused/points_in,std_msgs/msg/Int32,41048
1774015603.0288022,/metrics/pcl/fused/processing_ms,std_msgs/msg/Float32,133.97425842285156
1774015603.2881255,/metrics/pcl/fused/detections_count,std_msgs/msg/Int32,83
1774015603.2882688,/metrics/pcl/fused/points_in,std_msgs/msg/Int32,41052
1774015603.288376,/metrics/pcl/fused/processing_ms,std_msgs/msg/Float32,131.09381103515625
1774015603.5477293,/metrics/pcl/fused/detections_count,std_msgs/msg/Int32,84
1774015603.5478988,/metrics/pcl/fused/points_in,std_msgs/msg/Int32,41139
1774015603.5480094,/metrics/pcl/fused/processing_ms,std_msgs/msg/Float32,132.15521240234375
1774015603.815188,/metrics/pcl/fused/detections_count,std_msgs/msg/Int32,81
1774015603.8153138,/metrics/pcl/fused/points_in,std_msgs/msg/Int32,41062
1774015603.8153775,/metrics/pcl/fused/processing_ms,std_msgs/msg/Float32,132.90525817871094
1774015604.0759625,/metrics/pcl/fused/detections_count,std_msgs/msg/Int32,80
1774015604.0761123,/metrics/pcl/fused/points_in,std_msgs/msg/Int32,40969
1774015604.0761838,/metrics/pcl/fused/processing_ms,std_msgs/msg/Float32,130.20794677734375
1774015604.3471885,/metrics/pcl/fused/detections_count,std_msgs/msg/Int32,82
1774015604.347319,/metrics/pcl/fused/points_in,std_msgs/msg/Int32,40961
1774015604.347394,/metrics/pcl/fused/processing_ms,std_msgs/msg/Float32,138.23812866210938
1774015604.6220436,/metrics/pcl/fused/detections_count,std_msgs/msg/Int32,82
1774015604.622265,/metrics/pcl/fused/points_in,std_msgs/msg/Int32,41088
1774015604.6223423,/metrics/pcl/fused/processing_ms,std_msgs/msg/Float32,131.5328826904297
1774015604.8887591,/metrics/pcl/fused/detections_count,std_msgs/msg/Int32,81
1774015604.8888886,/metrics/pcl/fused/points_in,std_msgs/msg/Int32,41258
1774015604.8889816,/metrics/pcl/fused/processing_ms,std_msgs/msg/Float32,131.92771911621094
1774015605.1531215,/metrics/pcl/fused/detections_count,std_msgs/msg/Int32,77
1774015605.1532419,/metrics/pcl/fused/points_in,std_msgs/msg/Int32,41125
1774015605.153306,/metrics/pcl/fused/processing_ms,std_msgs/msg/Float32,129.2497100830078
1774015605.4188912,/metrics/pcl/fused/detections_count,std_msgs/msg/Int32,78
1774015605.4190013,/metrics/pcl/fused/processing_ms,std_msgs/msg/Float32,131.55116271972656
1774015605.4192057,/metrics/pcl/fused/points_in,std_msgs/msg/Int32,41290
1774015605.6855721,/metrics/pcl/fused/detections_count,std_msgs/msg/Int32,83
1774015605.6856806,/metrics/pcl/fused/points_in,std_msgs/msg/Int32,41197
1774015605.6857548,/metrics/pcl/fused/processing_ms,std_msgs/msg/Float32,133.95999145507812
1774015605.957147,/metrics/pcl/fused/detections_count,std_msgs/msg/Int32,82
1774015605.9572995,/metrics/pcl/fused/points_in,std_msgs/msg/Int32,40999
1774015605.9573827,/metrics/pcl/fused/processing_ms,std_msgs/msg/Float32,132.71112060546875
1774015606.2345603,/metrics/pcl/fused/detections_count,std_msgs/msg/Int32,80
1774015606.2346985,/metrics/pcl/fused/points_in,std_msgs/msg/Int32,40983
1774015606.234783,/metrics/pcl/fused/processing_ms,std_msgs/msg/Float32,131.1365966796875
1774015606.4803362,/metrics/pcl/fused/detections_count,std_msgs/msg/Int32,82
1774015606.480498,/metrics/pcl/fused/points_in,std_msgs/msg/Int32,40924
1774015606.480576,/metrics/pcl/fused/processing_ms,std_msgs/msg/Float32,132.2890167236328
1774015606.7341568,/metrics/pcl/fused/detections_count,std_msgs/msg/Int32,81
1774015606.7342625,/metrics/pcl/fused/points_in,std_msgs/msg/Int32,41196
1774015606.7343159,/metrics/pcl/fused/processing_ms,std_msgs/msg/Float32,136.3386688232422
1774015606.9896312,/metrics/pcl/fused/detections_count,std_msgs/msg/Int32,81
1774015606.9898133,/metrics/pcl/fused/points_in,std_msgs/msg/Int32,41046
1774015606.989932,/metrics/pcl/fused/processing_ms,std_msgs/msg/Float32,132.0255126953125
1774015607.237986,/metrics/pcl/fused/detections_count,std_msgs/msg/Int32,83
1774015607.238115,/metrics/pcl/fused/points_in,std_msgs/msg/Int32,41163
1774015607.2381728,/metrics/pcl/fused/processing_ms,std_msgs/msg/Float32,132.9370880126953
1774015607.4903557,/metrics/pcl/fused/detections_count,std_msgs/msg/Int32,79
1774015607.490476,/metrics/pcl/fused/points_in,std_msgs/msg/Int32,41189
1774015607.490557,/metrics/pcl/fused/processing_ms,std_msgs/msg/Float32,136.4632568359375
1774015607.7410297,/metrics/pcl/fused/detections_count,std_msgs/msg/Int32,75
1774015607.7412019,/metrics/pcl/fused/points_in,std_msgs/msg/Int32,41059
1774015607.7412891,/metrics/pcl/fused/processing_ms,std_msgs/msg/Float32,136.96554565429688
1774015607.9908454,/metrics/pcl/fused/detections_count,std_msgs/msg/Int32,80
1774015607.991006,/metrics/pcl/fused/points_in,std_msgs/msg/Int32,41059
1774015607.9910777,/metrics/pcl/fused/processing_ms,std_msgs/msg/Float32,136.07708740234375
1774015608.2293956,/metrics/pcl/fused/detections_count,std_msgs/msg/Int32,79
1774015608.2294953,/metrics/pcl/fused/points_in,std_msgs/msg/Int32,41051
1774015608.2295477,/metrics/pcl/fused/processing_ms,std_msgs/msg/Float32,127.92442321777344
1774015608.4714735,/metrics/pcl/fused/detections_count,std_msgs/msg/Int32,82
1774015608.4716063,/metrics/pcl/fused/points_in,std_msgs/msg/Int32,41104
1774015608.4717023,/metrics/pcl/fused/processing_ms,std_msgs/msg/Float32,130.1466064453125
1774015608.7164047,/metrics/pcl/fused/detections_count,std_msgs/msg/Int32,81
1774015608.716522,/metrics/pcl/fused/points_in,std_msgs/msg/Int32,41068
1774015608.716582,/metrics/pcl/fused/processing_ms,std_msgs/msg/Float32,128.8744354248047
1774015608.9757059,/metrics/pcl/fused/detections_count,std_msgs/msg/Int32,81
1774015608.9758096,/metrics/pcl/fused/points_in,std_msgs/msg/Int32,41027
1774015608.975894,/metrics/pcl/fused/processing_ms,std_msgs/msg/Float32,135.62734985351562
1774015609.2184904,/metrics/pcl/fused/detections_count,std_msgs/msg/Int32,83
1774015609.218625,/metrics/pcl/fused/points_in,std_msgs/msg/Int32,41022
1774015609.2187111,/metrics/pcl/fused/processing_ms,std_msgs/msg/Float32,131.81259155273438
1774015609.4695046,/metrics/pcl/fused/detections_count,std_msgs/msg/Int32,79
1774015609.4696302,/metrics/pcl/fused/points_in,std_msgs/msg/Int32,41063
1774015609.4696953,/metrics/pcl/fused/processing_ms,std_msgs/msg/Float32,138.4161376953125
1774015609.7184496,/metrics/pcl/fused/detections_count,std_msgs/msg/Int32,80
1774015609.7185705,/metrics/pcl/fused/points_in,std_msgs/msg/Int32,41027
1774015609.718641,/metrics/pcl/fused/processing_ms,std_msgs/msg/Float32,136.17333984375
1774015609.966037,/metrics/pcl/fused/detections_count,std_msgs/msg/Int32,85
1774015609.966141,/metrics/pcl/fused/points_in,std_msgs/msg/Int32,41041
1774015609.9661982,/metrics/pcl/fused/processing_ms,std_msgs/msg/Float32,133.77182006835938
1774015610.219736,/metrics/pcl/fused/detections_count,std_msgs/msg/Int32,77
1774015610.219854,/metrics/pcl/fused/points_in,std_msgs/msg/Int32,41012
1774015610.2199335,/metrics/pcl/fused/processing_ms,std_msgs/msg/Float32,132.1114044189453
1774015610.4720752,/metrics/pcl/fused/detections_count,std_msgs/msg/Int32,77
1774015610.472222,/metrics/pcl/fused/points_in,std_msgs/msg/Int32,40936
1774015610.472288,/metrics/pcl/fused/processing_ms,std_msgs/msg/Float32,135.10797119140625
1774015610.7298188,/metrics/pcl/fused/detections_count,std_msgs/msg/Int32,78
1774015610.7299545,/metrics/pcl/fused/points_in,std_msgs/msg/Int32,40963
1774015610.730034,/metrics/pcl/fused/processing_ms,std_msgs/msg/Float32,134.10491943359375
1774015610.978899,/metrics/pcl/fused/detections_count,std_msgs/msg/Int32,82
1774015610.9790452,/metrics/pcl/fused/points_in,std_msgs/msg/Int32,40919
1774015610.979107,/metrics/pcl/fused/processing_ms,std_msgs/msg/Float32,132.9544219970703
1774015611.2269742,/metrics/pcl/fused/detections_count,std_msgs/msg/Int32,84
1774015611.2271132,/metrics/pcl/fused/points_in,std_msgs/msg/Int32,40985
1774015611.2272239,/metrics/pcl/fused/processing_ms,std_msgs/msg/Float32,128.11236572265625
1774015611.4732203,/metrics/pcl/fused/detections_count,std_msgs/msg/Int32,86
1774015611.473401,/metrics/pcl/fused/points_in,std_msgs/msg/Int32,40984
1774015611.4735243,/metrics/pcl/fused/processing_ms,std_msgs/msg/Float32,130.03848266601562
1774015611.7278395,/metrics/pcl/fused/detections_count,std_msgs/msg/Int32,75
1774015611.7280037,/metrics/pcl/fused/points_in,std_msgs/msg/Int32,41013
1774015611.728075,/metrics/pcl/fused/processing_ms,std_msgs/msg/Float32,129.1881866455078
1774015611.9850202,/metrics/pcl/fused/detections_count,std_msgs/msg/Int32,79
1774015611.985223,/metrics/pcl/fused/points_in,std_msgs/msg/Int32,40948
1774015611.9853194,/metrics/pcl/fused/processing_ms,std_msgs/msg/Float32,130.14349365234375
1774015612.2444007,/metrics/pcl/fused/detections_count,std_msgs/msg/Int32,84
1774015612.244537,/metrics/pcl/fused/points_in,std_msgs/msg/Int32,40990
1774015612.2446277,/metrics/pcl/fused/processing_ms,std_msgs/msg/Float32,131.91705322265625
1774015612.5056493,/metrics/pcl/fused/detections_count,std_msgs/msg/Int32,79
1774015612.5057778,/metrics/pcl/fused/points_in,std_msgs/msg/Int32,40886
1774015612.5058577,/metrics/pcl/fused/processing_ms,std_msgs/msg/Float32,133.10357666015625
1774015612.7634215,/metrics/pcl/fused/detections_count,std_msgs/msg/Int32,82
1774015612.7635627,/metrics/pcl/fused/points_in,std_msgs/msg/Int32,40983
1774015612.7636662,/metrics/pcl/fused/processing_ms,std_msgs/msg/Float32,132.95716857910156
1774015613.0172553,/metrics/pcl/fused/detections_count,std_msgs/msg/Int32,81
1774015613.0173798,/metrics/pcl/fused/points_in,std_msgs/msg/Int32,40917
1774015613.017462,/metrics/pcl/fused/processing_ms,std_msgs/msg/Float32,130.87953186035156
1774015613.2782362,/metrics/pcl/fused/detections_count,std_msgs/msg/Int32,82
1774015613.278348,/metrics/pcl/fused/points_in,std_msgs/msg/Int32,40982
1774015613.2784052,/metrics/pcl/fused/processing_ms,std_msgs/msg/Float32,133.64956665039062
1774015613.5449114,/metrics/pcl/fused/detections_count,std_msgs/msg/Int32,88
1774015613.5450642,/metrics/pcl/fused/points_in,std_msgs/msg/Int32,40950
1774015613.5451312,/metrics/pcl/fused/processing_ms,std_msgs/msg/Float32,141.2948760986328
1774015613.8067553,/metrics/pcl/fused/detections_count,std_msgs/msg/Int32,82
1774015613.8069527,/metrics/pcl/fused/points_in,std_msgs/msg/Int32,41074
1774015613.8070295,/metrics/pcl/fused/processing_ms,std_msgs/msg/Float32,132.7571258544922
1774015614.060987,/metrics/pcl/fused/detections_count,std_msgs/msg/Int32,82
1774015614.0611107,/metrics/pcl/fused/points_in,std_msgs/msg/Int32,41165
1774015614.061196,/metrics/pcl/fused/processing_ms,std_msgs/msg/Float32,129.03713989257812
1774015614.315833,/metrics/pcl/fused/detections_count,std_msgs/msg/Int32,80
1774015614.3159747,/metrics/pcl/fused/points_in,std_msgs/msg/Int32,41198
1774015614.3160355,/metrics/pcl/fused/processing_ms,std_msgs/msg/Float32,128.75567626953125
1774015614.5722823,/metrics/pcl/fused/detections_count,std_msgs/msg/Int32,81
1774015614.5724237,/metrics/pcl/fused/points_in,std_msgs/msg/Int32,41116
1774015614.5724955,/metrics/pcl/fused/processing_ms,std_msgs/msg/Float32,129.6717987060547
1774015614.8284965,/metrics/pcl/fused/detections_count,std_msgs/msg/Int32,84
1774015614.8286164,/metrics/pcl/fused/points_in,std_msgs/msg/Int32,41089
1774015614.8286839,/metrics/pcl/fused/processing_ms,std_msgs/msg/Float32,129.96575927734375
1774015615.0920882,/metrics/pcl/fused/detections_count,std_msgs/msg/Int32,83
1774015615.0922422,/metrics/pcl/fused/points_in,std_msgs/msg/Int32,41178
1774015615.0923364,/metrics/pcl/fused/processing_ms,std_msgs/msg/Float32,135.305419921875
1774015615.3367918,/metrics/pcl/fused/detections_count,std_msgs/msg/Int32,84
1774015615.3369567,/metrics/pcl/fused/points_in,std_msgs/msg/Int32,41107
1774015615.3370237,/metrics/pcl/fused/processing_ms,std_msgs/msg/Float32,127.08330535888672
1774015615.6092966,/metrics/pcl/fused/detections_count,std_msgs/msg/Int32,80
1774015615.6094403,/metrics/pcl/fused/points_in,std_msgs/msg/Int32,41252
1774015615.609542,/metrics/pcl/fused/processing_ms,std_msgs/msg/Float32,143.38246154785156
1774015615.8755543,/metrics/pcl/fused/detections_count,std_msgs/msg/Int32,80
1774015615.8757327,/metrics/pcl/fused/points_in,std_msgs/msg/Int32,41078
1774015615.8758297,/metrics/pcl/fused/processing_ms,std_msgs/msg/Float32,136.13597106933594
1774015616.1401882,/metrics/pcl/fused/detections_count,std_msgs/msg/Int32,86
1774015616.1403368,/metrics/pcl/fused/points_in,std_msgs/msg/Int32,41026
1774015616.140428,/metrics/pcl/fused/processing_ms,std_msgs/msg/Float32,137.51123046875
1774015616.3991206,/metrics/pcl/fused/detections_count,std_msgs/msg/Int32,82
1774015616.3992586,/metrics/pcl/fused/points_in,std_msgs/msg/Int32,41037
1774015616.3993523,/metrics/pcl/fused/processing_ms,std_msgs/msg/Float32,131.7991485595703
1774015616.6755056,/metrics/pcl/fused/detections_count,std_msgs/msg/Int32,85
1774015616.6756566,/metrics/pcl/fused/points_in,std_msgs/msg/Int32,41040
1774015616.6757398,/metrics/pcl/fused/processing_ms,std_msgs/msg/Float32,135.6918487548828
1774015616.9498382,/metrics/pcl/fused/detections_count,std_msgs/msg/Int32,79
1774015616.9500291,/metrics/pcl/fused/points_in,std_msgs/msg/Int32,40981
1774015616.9501405,/metrics/pcl/fused/processing_ms,std_msgs/msg/Float32,133.92724609375
1774015617.2288864,/metrics/pcl/fused/detections_count,std_msgs/msg/Int32,76
1774015617.2290616,/metrics/pcl/fused/points_in,std_msgs/msg/Int32,41060
1774015617.22919,/metrics/pcl/fused/processing_ms,std_msgs/msg/Float32,139.17576599121094
1774015617.4943151,/metrics/pcl/fused/detections_count,std_msgs/msg/Int32,78
1774015617.4944465,/metrics/pcl/fused/points_in,std_msgs/msg/Int32,41116
1774015617.494528,/metrics/pcl/fused/processing_ms,std_msgs/msg/Float32,134.34597778320312
1774015617.763297,/metrics/pcl/fused/detections_count,std_msgs/msg/Int32,79
1774015617.763489,/metrics/pcl/fused/points_in,std_msgs/msg/Int32,40978
1774015617.763617,/metrics/pcl/fused/processing_ms,std_msgs/msg/Float32,130.97764587402344
1774015618.050213,/metrics/pcl/fused/detections_count,std_msgs/msg/Int32,81
1774015618.0503376,/metrics/pcl/fused/points_in,std_msgs/msg/Int32,41074
1774015618.050411,/metrics/pcl/fused/processing_ms,std_msgs/msg/Float32,143.69869995117188
1774015618.3075643,/metrics/pcl/fused/detections_count,std_msgs/msg/Int32,82
1774015618.307745,/metrics/pcl/fused/points_in,std_msgs/msg/Int32,41020
1774015618.307856,/metrics/pcl/fused/processing_ms,std_msgs/msg/Float32,132.32626342773438
1774015618.5699651,/metrics/pcl/fused/detections_count,std_msgs/msg/Int32,82
1774015618.5701368,/metrics/pcl/fused/points_in,std_msgs/msg/Int32,41003
1774015618.5702462,/metrics/pcl/fused/processing_ms,std_msgs/msg/Float32,134.63975524902344
1774015618.8365126,/metrics/pcl/fused/detections_count,std_msgs/msg/Int32,80
1774015618.8366468,/metrics/pcl/fused/points_in,std_msgs/msg/Int32,41024
1774015618.836733,/metrics/pcl/fused/processing_ms,std_msgs/msg/Float32,135.199951171875
1774015619.1085594,/metrics/pcl/fused/detections_count,std_msgs/msg/Int32,81
1774015619.1087067,/metrics/pcl/fused/points_in,std_msgs/msg/Int32,41020
1774015619.1087816,/metrics/pcl/fused/processing_ms,std_msgs/msg/Float32,136.82090759277344
1774015619.3625927,/metrics/pcl/fused/detections_count,std_msgs/msg/Int32,81
1774015619.362727,/metrics/pcl/fused/points_in,std_msgs/msg/Int32,40856
1774015619.3627985,/metrics/pcl/fused/processing_ms,std_msgs/msg/Float32,127.91463470458984
1774015619.6316235,/metrics/pcl/fused/detections_count,std_msgs/msg/Int32,78
1774015619.6317554,/metrics/pcl/fused/points_in,std_msgs/msg/Int32,41042
1774015619.6318467,/metrics/pcl/fused/processing_ms,std_msgs/msg/Float32,138.10406494140625
1774015619.89325,/metrics/pcl/fused/detections_count,std_msgs/msg/Int32,75
1774015619.893354,/metrics/pcl/fused/points_in,std_msgs/msg/Int32,40991
1774015619.8934085,/metrics/pcl/fused/processing_ms,std_msgs/msg/Float32,133.22427368164062
1774015620.1554928,/metrics/pcl/fused/detections_count,std_msgs/msg/Int32,82
1774015620.155618,/metrics/pcl/fused/points_in,std_msgs/msg/Int32,41122
1774015620.155694,/metrics/pcl/fused/processing_ms,std_msgs/msg/Float32,132.49554443359375
1774015620.413095,/metrics/pcl/fused/detections_count,std_msgs/msg/Int32,78
1774015620.413212,/metrics/pcl/fused/points_in,std_msgs/msg/Int32,41135
1774015620.4132833,/metrics/pcl/fused/processing_ms,std_msgs/msg/Float32,131.60670471191406
1774015620.6802535,/metrics/pcl/fused/detections_count,std_msgs/msg/Int32,81
1774015620.6803796,/metrics/pcl/fused/points_in,std_msgs/msg/Int32,41055
1774015620.6804352,/metrics/pcl/fused/processing_ms,std_msgs/msg/Float32,137.24862670898438
1774015620.9422715,/metrics/pcl/fused/detections_count,std_msgs/msg/Int32,79
1774015620.942442,/metrics/pcl/fused/points_in,std_msgs/msg/Int32,41023
1774015620.9425197,/metrics/pcl/fused/processing_ms,std_msgs/msg/Float32,133.8112030029297
1774015621.2118034,/metrics/pcl/fused/detections_count,std_msgs/msg/Int32,83
1774015621.2119234,/metrics/pcl/fused/points_in,std_msgs/msg/Int32,41083
1774015621.2119908,/metrics/pcl/fused/processing_ms,std_msgs/msg/Float32,136.7889862060547
1774015621.4727468,/metrics/pcl/fused/detections_count,std_msgs/msg/Int32,80
1774015621.4729638,/metrics/pcl/fused/points_in,std_msgs/msg/Int32,41120
1774015621.4731035,/metrics/pcl/fused/processing_ms,std_msgs/msg/Float32,132.65428161621094
1774015621.740819,/metrics/pcl/fused/detections_count,std_msgs/msg/Int32,78
1774015621.740979,/metrics/pcl/fused/points_in,std_msgs/msg/Int32,41080
1774015621.7410414,/metrics/pcl/fused/processing_ms,std_msgs/msg/Float32,139.04945373535156
1774015622.002836,/metrics/pcl/fused/detections_count,std_msgs/msg/Int32,83
1774015622.0029948,/metrics/pcl/fused/points_in,std_msgs/msg/Int32,41097
1774015622.0030541,/metrics/pcl/fused/processing_ms,std_msgs/msg/Float32,134.3000946044922
1774015622.282491,/metrics/pcl/fused/detections_count,std_msgs/msg/Int32,78
1774015622.282604,/metrics/pcl/fused/points_in,std_msgs/msg/Int32,41116
1774015622.2826662,/metrics/pcl/fused/processing_ms,std_msgs/msg/Float32,138.12013244628906
1774015622.5542564,/metrics/pcl/fused/detections_count,std_msgs/msg/Int32,82
1774015622.5544903,/metrics/pcl/fused/points_in,std_msgs/msg/Int32,41115
1774015622.5545619,/metrics/pcl/fused/processing_ms,std_msgs/msg/Float32,140.53695678710938
1774015622.868588,/metrics/pcl/fused/detections_count,std_msgs/msg/Int32,82
1774015622.8687608,/metrics/pcl/fused/points_in,std_msgs/msg/Int32,41174
1774015622.868841,/metrics/pcl/fused/processing_ms,std_msgs/msg/Float32,178.56044006347656
1774015623.1422231,/metrics/pcl/fused/detections_count,std_msgs/msg/Int32,77
1774015623.1423628,/metrics/pcl/fused/points_in,std_msgs/msg/Int32,41033
1774015623.1424358,/metrics/pcl/fused/processing_ms,std_msgs/msg/Float32,138.50694274902344
1774015623.4089105,/metrics/pcl/fused/detections_count,std_msgs/msg/Int32,78
1774015623.4090796,/metrics/pcl/fused/points_in,std_msgs/msg/Int32,41056
1774015623.4091659,/metrics/pcl/fused/processing_ms,std_msgs/msg/Float32,133.50686645507812
1774015623.681866,/metrics/pcl/fused/detections_count,std_msgs/msg/Int32,81
1774015623.682028,/metrics/pcl/fused/points_in,std_msgs/msg/Int32,41023
1774015623.6821003,/metrics/pcl/fused/processing_ms,std_msgs/msg/Float32,136.2715606689453
1774015623.9556422,/metrics/pcl/fused/detections_count,std_msgs/msg/Int32,81
1774015623.955886,/metrics/pcl/fused/points_in,std_msgs/msg/Int32,41165
1774015623.9559937,/metrics/pcl/fused/processing_ms,std_msgs/msg/Float32,136.58099365234375
1774015624.2231622,/metrics/pcl/fused/detections_count,std_msgs/msg/Int32,80
1774015624.2233121,/metrics/pcl/fused/points_in,std_msgs/msg/Int32,41085
1774015624.2233832,/metrics/pcl/fused/processing_ms,std_msgs/msg/Float32,130.9259033203125
1774015624.4862895,/metrics/pcl/fused/detections_count,std_msgs/msg/Int32,84
1774015624.4864597,/metrics/pcl/fused/points_in,std_msgs/msg/Int32,41063
1774015624.4865382,/metrics/pcl/fused/processing_ms,std_msgs/msg/Float32,133.07208251953125
1774015624.7607358,/metrics/pcl/fused/detections_count,std_msgs/msg/Int32,80
1774015624.7609048,/metrics/pcl/fused/points_in,std_msgs/msg/Int32,41152
1774015624.7610166,/metrics/pcl/fused/processing_ms,std_msgs/msg/Float32,134.0543212890625
1774015625.0325499,/metrics/pcl/fused/detections_count,std_msgs/msg/Int32,82
1774015625.0327115,/metrics/pcl/fused/points_in,std_msgs/msg/Int32,41194
1774015625.0328503,/metrics/pcl/fused/processing_ms,std_msgs/msg/Float32,135.49392700195312
1774015625.3117883,/metrics/pcl/fused/detections_count,std_msgs/msg/Int32,85
1774015625.3119497,/metrics/pcl/fused/points_in,std_msgs/msg/Int32,41196
1774015625.3120222,/metrics/pcl/fused/processing_ms,std_msgs/msg/Float32,134.96900939941406
1774015625.577228,/metrics/pcl/fused/detections_count,std_msgs/msg/Int32,85
1774015625.5773757,/metrics/pcl/fused/points_in,std_msgs/msg/Int32,41161
1774015625.5774624,/metrics/pcl/fused/processing_ms,std_msgs/msg/Float32,135.14817810058594
1774015625.847622,/metrics/pcl/fused/detections_count,std_msgs/msg/Int32,86
1774015625.8477306,/metrics/pcl/fused/points_in,std_msgs/msg/Int32,41006
1774015625.8477876,/metrics/pcl/fused/processing_ms,std_msgs/msg/Float32,133.1639862060547
1774015626.123585,/metrics/pcl/fused/detections_count,std_msgs/msg/Int32,85
1774015626.1237144,/metrics/pcl/fused/points_in,std_msgs/msg/Int32,41093
1774015626.1237907,/metrics/pcl/fused/processing_ms,std_msgs/msg/Float32,136.6855010986328
1774015626.3980267,/metrics/pcl/fused/detections_count,std_msgs/msg/Int32,81
1774015626.3981404,/metrics/pcl/fused/processing_ms,std_msgs/msg/Float32,138.3075408935547
1774015626.3985085,/metrics/pcl/fused/points_in,std_msgs/msg/Int32,41108
1774015626.6641731,/metrics/pcl/fused/detections_count,std_msgs/msg/Int32,79
1774015626.6642828,/metrics/pcl/fused/points_in,std_msgs/msg/Int32,41071
1774015626.6643438,/metrics/pcl/fused/processing_ms,std_msgs/msg/Float32,133.84970092773438
1774015626.9301133,/metrics/pcl/fused/detections_count,std_msgs/msg/Int32,78
1774015626.93027,/metrics/pcl/fused/points_in,std_msgs/msg/Int32,41105
1774015626.93035,/metrics/pcl/fused/processing_ms,std_msgs/msg/Float32,135.53785705566406
1774015627.1994376,/metrics/pcl/fused/detections_count,std_msgs/msg/Int32,87
1774015627.1995645,/metrics/pcl/fused/points_in,std_msgs/msg/Int32,41041
1774015627.1996305,/metrics/pcl/fused/processing_ms,std_msgs/msg/Float32,132.9471435546875
